{
  "Learning BST": {
    "avg_search_depth": 14.090878772719693,
    "total_search_depth": 84503.0,
    "search_count": 5997.0,
    "wall_clock_time": 0.024110459024086595,
    "final_height": 463.0,
    "final_size": 463.0
  },
  "AVL Tree": {
    "avg_search_depth": 8.937968984492246,
    "total_search_depth": 53601.0,
    "search_count": 5997.0,
    "wall_clock_time": 0.014738624915480614,
    "final_height": 10.0,
    "final_size": 463.0
  },
  "Treap": {
    "avg_search_depth": 8.791395697848925,
    "total_search_depth": 52722.0,
    "search_count": 5997.0,
    "wall_clock_time": 0.005576082970947027,
    "final_height": 17.0,
    "final_size": 463.0
  },
  "Splay Tree": {
    "avg_search_depth": 5.296648324162081,
    "total_search_depth": 31764.0,
    "search_count": 5997.0,
    "wall_clock_time": 0.015277792001143098,
    "final_height": 27.0,
    "final_size": 463.0
  }
}